{"cameraMode":{"drawMode":0,"name":"Shaded","section":"Shading Mode"},"sceneLighting":true,"audioPlay":false,"sceneViewState":{"m_AlwaysRefresh":false,"showFog":true,"showSkybox":true,"showFlares":true,"showImageEffects":true,"showParticleSystems":true,"showVisualEffectGraphs":true,"m_FxEnabled":true},"in2DMode":false,"pivot":{"x":-4.928680419921875,"y":4.458619594573975,"z":-11.227010726928711},"rotation":{"x":-0.1645529568195343,"y":0.00798614788800478,"z":-0.0013392510591074825,"w":-0.9863415956497192},"size":6.918739318847656,"orthographic":false}